tshirt_id,category,style,size,color,base_price
T101,Streetwear,Logo minimaliste,M,Noir,30000
T102,Streetwear,Art graphique,L,Blanc,30000
T103,Sport,DryFit imprimé,M,Bleu,30000
T104,Casual,Vintage rétro,XL,Gris,30000
T105,Fashion,Design floral,S,Rose,30000
T106,Streetwear,Graffiti Coloré,L,Noir,30000
T107,Sport,Performance Fit,M,Vert,30000
T108,Casual,Minimal chic,M,Beige,30000
